"18th-Century Royal Palace at Caserta with the Park, the Aqueduct of Vanvitelli, and the San Leucio Complex",,"Provinces of Caserta and Benevento, Campania, ?Italy 41‹4Œ24N 14‹19Œ35E? / ?41.07333‹N 14.32639‹E",Cultural: (i)(ii)(iii)(iv),87 (210); buffer zone 111 (270),1997,[8]
"Acropolis, Athens",,"Attica, ?Greece 37‹58Œ15N 23‹43Œ34E? / ?37.97083‹N 23.72611‹E",Cultural: (i)(ii)(iii)(iv)(vi),3.04 (7.5); buffer zone 117 (290),1987,"A collection of massive, yet perfectly balanced architectural masterpieces in harmony with the natural landscape, the Acropolis of Athens is one of the most important expressions of Classical Greek aesthetics. It was completed by the 5th century BC and has since then exerted a profound influence on architecture worldwide.[9] [10]"
"Alhambra, Generalife and Albayzin, Granada",,"Province of Granada, Andalusia, ?Spain 37‹10Œ36N 3‹35Œ40W? / ?37.17667‹N 3.59444‹W",Cultural: (i)(iii)(iv),?,1984[nb 1],The three sites are remnants of the Moorish influence in southern Spain. The fortress Alhambra and the palace Generalife were built by the rulers of the Emirate of Granada. The Albayzin district contains examples of the Moorish vernacular architecture and was added to the listing in 1994. [11]
Alto Douro Wine Region,,"Douro Subregion, Tras-os-Montes e Alto Douro Province, ?Portugal 41‹6Œ6N 7‹47Œ56W? / ?41.10167‹N 7.79889‹W",Cultural: (iii)(iv)(v),"24,600 (61,000); buffer zone 225,400 (557,000)",2001,[12]
Arab?Norman Palermo and the Cathedral Churches of Cefalu and Monreale,,"Province of Palermo, Sicily, ?Italy 38‹6Œ39N 13‹21Œ11E? / ?38.11083‹N 13.35306‹E",Cultural: (ii)(iv),"6.24 (15.4); buffer zone 483 (1,190)",2015,The new Norman rulers started to build various constructions in what is called the Arab-Norman style. They incorporated the best practices of Arab and Byzantine architecture into their own art.[13][14]
Aranjuez Cultural Landscape,,"Aranjuez, Community of Madrid, ?Spain 40‹2Œ11N 3‹36Œ34W? / ?40.03639‹N 3.60944‹W",Cultural: (ii)(iv),"2,048 (5,060); buffer zone 16,605 (41,030)",2001,The landscape around the Royal Palace of Aranjuez was developed by the Spanish royal family over a course of three centuries and contains innovative horticultural and design ideas. The area was the exclusive property of the royal family until the 19th century when the modern civilian city developed. [15]
Archaeological Area and the Patriarchal Basilica of Aquileia,,"Province of Udine, Friuli-Venezia Giulia, ?Italy 45‹46Œ6N 13‹22Œ3E? / ?45.76833‹N 13.36750‹E",Cultural: (iii)(iv)(vi),155 (380),1998,[16]
Archaeological Area of Agrigento,,"Province of Agrigento, Sicily, ?Italy 37‹17Œ23N 13‹35Œ36E? / ?37.28972‹N 13.59333‹E",Cultural: (i)(ii)(iii)(iv),"934 (2,310); buffer zone 1,869 (4,620)",1997,[17]
"Archaeological Areas of Pompei, Herculaneum and Torre Annunziata",,"Province of Naples, Campania, ?Italy 40‹45Œ0N 14‹29Œ0E? / ?40.75000‹N 14.48333‹E",Cultural: (iii)(iv)(v),98 (240); buffer zone 24 (59),1997,[18]
Archaeological Ensemble of Tarraco,,"Province of Tarragona, Catalonia, ?Spain 41‹6Œ53N 1‹15Œ34E? / ?41.11472‹N 1.25944‹E",Cultural: (ii)(iii),100 (250),2000,The prominent Roman city of Tarraco at the site of modern-day Tarragona served as the capital of the provinces of Hispania Citerior and later Hispania Tarraconensis. The amphitheatre was constructed in the 2nd century. Most remains are only fragments or preserved under more modern buildings. [19]
Archaeological Ensemble of Merida,,"Province of Badajoz, Extremadura, ?Spain 38‹54Œ58N 6‹20Œ16W? / ?38.91611‹N 6.33778‹W",Cultural: (iii)(iv),?,1993,"Merida was founded in 25 BC by the Romans as Emerita Augusta and was the capital of the Lusitania province. Remains from the Roman era include a bridge, aqueduct, amphitheatre, theatre, circus, and forum. [20]"
Archaeological Site of Aigai (modern name Vergina),,"Imathia, Central Macedonia, ?Greece 40‹28Œ17N 22‹19Œ6E? / ?40.47139‹N 22.31833‹E",Cultural: (i)(iii),"1,421 (3,510); buffer zone 4,812 (11,890)",1996,"The ancient city of Aigai was the first capital of the Kingdom of Macedon. In addition to the monumental palace, lavishly decorated with mosaics and painted stuccoes, the site contains a burial ground with more than 300 tumuli, one of which has been identified as that of Philip II of Macedon, father of Alexander the Great.[21] [22]"
Archaeological Site of Atapuerca,,"Province of Burgos, Castile and Leon, ?Spain 42‹22Œ17N 3‹32Œ50W? / ?42.37139‹N 3.54722‹W",Cultural: (iii)(v),?,2000,"The caves in the Atapuerca Mountains contain fossil remains of the earliest human beings discovered in Europe dating from nearly one million years ago. The Sima de los Huesos or ""Pit of Bones"" contains the world's largest collection of hominid fossils. [23]"
Archaeological Site of Delphi,,"Phocis, Central Greece, ?Greece 38‹28Œ53N 22‹29Œ46E? / ?38.48139‹N 22.49611‹E",Cultural: (i)(ii)(iii)(iv)(vi),"51 (130); buffer zone 14,314 (35,370)",1987,"The pan-Hellenic sanctuary of Delphi, location of the oracle of Apollo, was the spiritual center of the Greek world. Situated in a spectacular natural setting at the foot of Mount Parnassus, it was a symbol of Greek cultural unity from the 8th century BC onwards.[24] [25]"
Archaeological Site of Mystras,,"Laconia, Peloponnese, ?Greece 37‹4Œ50N 22‹22Œ0E? / ?37.08056‹N 22.36667‹E",Cultural: (ii)(iii)(iv),"54 (130); buffer zone 1,203 (2,970)",1989,"Long known as ""the Wonder of the Morea"", the remarkably well-preserved medieval city of Mystras played a central role in the final years of the Byzantine Empire. Built on a steep hill at the foot of Mount Taygetus, it was the last Byzantine stronghold to fall to the Ottomans, holding out until 1461.[26] [27]"
Archaeological Site of Olympia,,"Elis, Western Peloponnese, ?Greece 37‹39Œ0N 21‹40Œ0E? / ?37.65000‹N 21.66667‹E",Cultural: (i)(ii)(iii)(iv)(vi),"106 (260); buffer zone 1,458 (3,600)",1989,"The site of Olympia, built on the banks of the Alpheios river in the Peloponnese, was the location of the ancient Olympic Games beginning in 776 BC. In addition to numerous temples and sanctuaries, it contains the remains of several sporting structures, such as its famous stadium.[28] [29]"
Archaeological Sites of Mycenae and Tiryns,,"Argolis, Peloponnese, ?Greece 37‹44Œ0N 22‹45Œ0E? / ?37.73333‹N 22.75000‹E",Cultural: (i)(ii)(iii)(iv)(vi),?,1999,"Mycenae and Tiryns were two of the most important cities of Mycenean Greece, which flourished between the 15th and 12th centuries BC. The Lion's Gate and Treasury of Atreus at Mycenae have been listed as ""outstanding examples of human creative genius"".[30] [31]"
Archaeological Site of Troy,,"Canakkale Province, ?Turkey 39‹57Œ23N 26‹14Œ20E? / ?39.95639‹N 26.23889‹E",Cultural: (ii)(iii)(vi),158 (390),1998,[32]
"Assisi, the Basilica of San Francesco and Other Franciscan Sites",,Italy 43‹3Œ58N 12‹37Œ21E? / ?43.06611‹N 12.62250‹E,Cultural: (i)(ii)(iii)(iv)(vi),"14,563 (35,990); buffer zone 4,087 (10,100)",2000,[33]
"Botanical Garden (Orto Botanico), Padua",,"City and Province of Padua, Veneto, ?Italy 45‹23Œ57N 11‹52Œ50E? / ?45.39917‹N 11.88056‹E",Cultural: (ii)(iii),2.20 (5.4); buffer zone 11 (27),1997,[34]
Burgos Cathedral,,"Burgos, Province of Burgos, Castile and Leon, ?Spain 42‹20Œ25N 3‹42Œ14.5W? / ?42.34028‹N 3.704028‹W",Cultural: (ii)(iv)(vi),?,1984,"The Gothic-style cathedral was constructed between the 13th and 16th centuries. It is the burial place of Spanish national hero, El Cid. [35]"
Bursa and Cumal?k?z?k: the Birth of the Ottoman Empire,,"City of Bursa and village of Cumal?k?z?k, Bursa Province, ?Turkey 40‹11Œ5N 29‹3Œ44E? / ?40.18472‹N 29.06222‹E",Cultural: (i)(ii)(iii)(iv)(vi),193 (480),2014,[36]
Butrint,,"Sarande District, ?Albania 39‹45Œ4N 20‹1Œ34E? / ?39.75111‹N 20.02611‹E",Cultural: (iii),"3,980 (9,800); buffer zone 4,611 (11,390)",1992[nb 2],The site had been listed as endangered 1997?2005 following damages due to management and conservation. [37] [38] [39]
Castel del Monte,,"Andria and Corato, Province of Bari, Apulia, ?Italy 41‹5Œ5N 16‹16Œ15E? / ?41.08472‹N 16.27083‹E",Cultural: (i)(ii)(iii),"3.10 (7.7); buffer zone 10,847 (26,800)",1996,[40]
Catalan Romanesque Churches of the Vall de Boi,,"Province of Lleida, Catalonia, ?Spain 42‹30Œ17N 0‹48Œ13E? / ?42.50472‹N 0.80361‹E",Cultural: (ii)(iv),?,2000,"The small valley at the edge of the Pyrenees contains churches in Romanesque style decorated with Romanesque murals, statues, and altars. The churches are unique for their tall, square bell towers. [41]"
"Cathedral, Alcazar and Archivo de Indias in Seville",,"Province of Seville, Andalusia, ?Spain 37‹23Œ2N 5‹59Œ30W? / ?37.38389‹N 5.99167‹W",Cultural: (i)(ii)(iii)(vi),12 (30); buffer zone 187 (460),1987[nb 3],The Alcazar was built during the Almohad dynasty that ruled southern Spain until the Reconquista. The cathedral dates to the 15th century and holds the tombs of Ferdinand III and Christopher Columbus. The Archivo (Archive) houses documents relating to the colonization of the Americas. [42]
"Cathedral, Torre Civica and Piazza Grande, Modena",,"City and Province of Modena, Emilia?Romagna, ?Italy 44‹38Œ46N 10‹55Œ32E? / ?44.64611‹N 10.92556‹E",Cultural: (i)(ii)(iii)(iv),1.20 (3.0); buffer zone 1.10 (2.7),1997,[43]
Cave of Altamira and Paleolithic Cave Art of Northern Spain,,"Santillana del Mar, Cantabria, ?Spain 43‹22Œ57N 4‹6Œ58W? / ?43.38250‹N 4.11611‹W",Cultural: (i)(iii),"2,235 (5,520)",1985[nb 4],"The Cave of Altamira contains examples of cave painting from the Upper Paleolithic period, ranging from 35,000 to 11,000 BC. The original listing contained seventeen decorated caves. The caves are well-preserved because of their deep isolation from the external climate. [44]"
Central Zone of the Town of Angra do Heroismo in the Azores,,"Terceira Island, Azores, ?Portugal 38‹39Œ18N 27‹13Œ12W? / ?38.65500‹N 27.22000‹W",Cultural: (iv)(vi),?,1983,[45]
Choirokoitia,,"Larnaca District, ?Cyprus 34‹47Œ54N 33‹20Œ36E? / ?34.79833‹N 33.34333‹E",Cultural: (ii)(iii)(iv),?,1998,[46]
"Church and Dominican Convent of Santa Maria delle Grazie with ""The Last Supper"" by Leonardo da Vinci",,"Province of Milano, Lombardy, ?Italy 45‹27Œ57N 9‹10Œ14E? / ?45.46583‹N 9.17056‹E",Cultural: (i)(ii),1.50 (3.7),1980,[47]
"Cilento and Vallo di Diano National Park with the Archeological sites of Paestum and Velia, and the Certosa di Padula",,"Province of Salerno, Campania, ?Italy 40‹17Œ0N 15‹16Œ0E? / ?40.28333‹N 15.26667‹E",Cultural: (iii)(iv),"159,110 (393,200); buffer zone 178,101 (440,100)",1998,[48]
City of Safranbolu,,"District of Safranbolu, Karabuk Province, ?Turkey 41‹15Œ36N 32‹41Œ23E? / ?41.26000‹N 32.68972‹E",Cultural: (ii)(iv)(v),193 (480),1994,[49]
City of Valletta,,"Malta Island, ?Malta 35‹54Œ2N 14‹30Œ52E? / ?35.90056‹N 14.51444‹E",Cultural: (i)(vi),56 (140),1980,[50]
City of Verona,,"City and Province of Verona, Veneto, ?Italy 45‹26Œ19N 10‹59Œ38E? / ?45.43861‹N 10.99389‹E",Cultural: (ii)(iv),"453 (1,120); buffer zone 431 (1,070)",2000,[51]
City of Vicenza and the Palladian Villas of the Veneto,,"Provinces of Padua, Rovigo, Treviso, Venice, Verona and Vicenza, Veneto, ?Italy 45‹32Œ57N 11‹32Œ58E? / ?45.54917‹N 11.54944‹E",Cultural: (i)(ii),334 (830),1994[nb 5],[52] [53]
Convent of Christ in Tomar,,"Tomar, Santarem District, ?Portugal 39‹36Œ17N 8‹25Œ3W? / ?39.60472‹N 8.41750‹W",Cultural: (i)(vi),?,1983,[54]
Costiera Amalfitana,,"Province of Salerno, Campania, ?Italy 40‹39Œ0N 14‹36Œ0E? / ?40.65000‹N 14.60000‹E",Cultural: (ii)(iv)(v),"11,231 (27,750)",1997,[55]
Crespi d'Adda,,"Province of Bergamo, Lombardy, ?Italy 45‹35Œ36N 9‹32Œ18E? / ?45.59333‹N 9.53833‹E",Cultural: (iv)(v),?,1995,[56]
Cultural Landscape of Sintra,,"Sintra, ?Portugal 38‹47Œ0N 9‹25Œ0W? / ?38.78333‹N 9.41667‹W",Cultural: (ii)(iv)(v),"946 (2,340); buffer zone 3,641 (9,000)",1995,[57]
Cultural Landscape of the Serra de Tramuntana,,"Mallorca, ?Spain 39‹43Œ51N 2‹41Œ41E? / ?39.73083‹N 2.69472‹E",Cultural: (ii)(iv)(v),"30,745 (75,970); buffer zone 78,617 (194,270)",2011,[58]
Delos,,"Cyclades, South Aegean, ?Greece 37‹24Œ0N 25‹16Œ0E? / ?37.40000‹N 25.26667‹E",Cultural: (ii)(iii)(iv)(vi),351 (870),1990,"The birthplace of Apollo and Artemis according to Greek mythology, the sacred island of Delos was one of the most important pan-Hellenic sanctuaries. The sanctuary of Apollo on Delos attracted pilgrims from all over Greece, making Delos a prosperous trading port.[59] [60]"
Donana National Park,,"Huelva and Seville Provinces, Andalusia, ?Spain 36‹56Œ52N 6‹21Œ32W? / ?36.94778‹N 6.35889‹W",Natural: (vii)(ix)(x),"54,252 (134,060)",1994[nb 6],"The park consists of the delta region where the Guadalquivir River reaches the Atlantic Ocean. It is home to a diverse variety of biotopes, such as lagoons, marshlands, dunes, and maquis. The park is one of the largest heronries in the Mediterranean region and holds more than 500,000 water fowl during the winter period. [61] [62]"
Durmitor National Park,,Montenegro 43‹7Œ59N 19‹1Œ0E? / ?43.13306‹N 19.01667‹E,Natural: (vii)(viii)(x),"32,100 (79,000)",1980[nb 7],[63] [64]
Early Christian Monuments of Ravenna,,"City and Province of Ravenna, Emilia-Romagna, ?Italy 44‹25Œ14N 12‹11Œ47E? / ?44.42056‹N 12.19639‹E",Cultural: (i)(ii)(iii)(iv),1.32 (3.3),1996,[65]
Episcopal Complex of the Euphrasian Basilica in the Historic Centre of Pore?,,"Pore?, Istria County, ?Croatia 45‹13Œ45N 13‹35Œ40E? / ?45.22917‹N 13.59444‹E",Cultural: (ii)(iii)(iv),1.10 (2.7),1997,"The episcopal complex, with its striking mosaics dating back to the 6th century, is one of the best examples of early Byzantine art and architecture in the Mediterranean region and the world. It includes the basilica itself, a sacristy, a baptistery and the bell tower of the nearby archbishop's palace. [66]"
Etruscan Necropolises of Cerveteri and Tarquinia,,"Provinces of Rome and Viterbo, Lazio, ?Italy 42‹0Œ25N 12‹6Œ7E? / ?42.00694‹N 12.10194‹E",Cultural: (i)(iii)(iv),"21 (52); buffer zone 5,786 (14,300)",2004,[67]
"Ferrara, City of the Renaissance, and its Po Delta",,"City and Province of Ferrara, Emilia?Romagna, ?Italy 44‹50Œ16N 11‹37Œ10E? / ?44.83778‹N 11.61944‹E",Cultural: (ii)(iii)(iv)(v)(vi),"46,712 (115,430); buffer zone 117,649 (290,720)",1995[nb 8],[68] [69]
Garajonay National Park,,"La Gomera, ?Spain 28‹07Œ34N 17‹14Œ14W? / ?28.126250‹N 17.237222‹W","Natural: (vii), (ix)","3,984 (9,840)",1986,"Most of the park, in the middle of the island of La Gomera of the Canary Islands, is covered with a lush laurel forest.[70]"
Garrison Border Town of Elvas and its Fortifications,,"Alentejo, ?Portugal 38‹52Œ50N 7‹9Œ48W? / ?38.88056‹N 7.16333‹W",Cultural: (iv),"179 (440); buffer zone 608 (1,500)",2012,"The site, extensively fortified from the 17th to 19th centuries, represents the largest bulwarked dry ditch system in the work. Within its walls, the town contains barracks and other military buildings as well as churches and monasteries. While Elvas contains remains dating back to the 10th century A.D., its fortification began when Portugal regained independence in 1640. The fortifications designed by Dutch Jesuit Padre Joao Piscasio Cosmander represent the best surviving example of the Dutch school of fortifications anywhere. The site also contains the Amoreira Aqueduct, built to enable the stronghold to withstand lengthy sieges. [71]"
"Gamzigrad-Romuliana, Palace of Galerius",,"Eastern Serbia, ?Serbia 43‹53Œ57.5N 22‹11Œ10E? / ?43.899306‹N 22.18611‹E",Cultural: (iii)(iv),"179 (440); buffer zone 545 (1,350)",2007,"The Late Roman fortified palace compound and memorial complex of Gamzigrad-Romuliana, Palace of Galerius, in the east of Serbia, was commissioned by Emperor Caius Valerius Galerius Maximianus, in the late 3rd and early 4th centuries. It was known as Felix Romuliana, named after the emperorfs mother. The site consists of fortifications, the palace in the north-western part of the complex, basilicas, temples, hot baths, memorial complex, and a tetrapylon. The group of buildings is also unique in its intertwining of ceremonial and memorial functions. [72]"
Genoa: Le Strade Nuove and the system of the Palazzi dei Rolli,,"Province of Genoa, Liguria, ?Italy 44‹24Œ44N 8‹55Œ52E? / ?44.41222‹N 8.93111‹E",Cultural: (ii)(iv),16 (40); buffer zone 113 (280),2006,[73]
Great Mosque and Hospital of Divri?i,,"District of Divri?i, Sivas Province, ?Turkey 39‹22Œ25N 38‹7Œ25E? / ?39.37361‹N 38.12361‹E",Cultural: (i)(iv),"2,016 (4,980)",1985,[74]
Goreme National Park and the Rock Sites of Cappadocia,,"Nev?ehir Province in Central Anatolia Region, ?Turkey 38‹40Œ0N 34‹51Œ0E? / ?38.66667‹N 34.85000‹E",Mixed: (i)(iii)(v)(vii),"9,576 (23,660)",1985,[75]
Gorham's Cave Complex,,"Gibraltar, ?UK 36‹07Œ13N 5‹20Œ31W? / ?36.120397‹N 5.342075‹W[76]",Cultural: (iii),?,2016[76],"A natural sea cave, considered to be one of the last known habitations of the Neanderthals in Europe.[76]"
?al Saflieni Hypogeum,,"Paola, Malta Island, ?Malta 35‹52Œ17N 14‹30Œ27E? / ?35.87139‹N 14.50750‹E",Cultural: (iii),?,1980,[77]
Hattusha: the Hittite Capital,,"Sungurlu, Corum Province, ?Turkey 40‹0Œ50N 34‹37Œ14E? / ?40.01389‹N 34.62056‹E",Cultural: (i)(ii)(iii)(iv),268 (660),1986,[78]
Heritage of Mercury. Almaden and Idrija,,Slovenia; ?Spain 38‹46Œ31N 4‹50Œ20W? / ?38.77528‹N 4.83889‹W,Cultural: (ii)(iv),104 (260),2012,[79]
Hierapolis?Pamukkale,,"Denizli Province, ?Turkey 37‹55Œ26N 29‹7Œ24E? / ?37.92389‹N 29.12333‹E",Mixed: (iii)(iv)(vii),"1,077 (2,660)",1988,[80]
Historic Areas of Istanbul,,"Istanbul city and Istanbul Province, ?Turkey 41‹0Œ30N 28‹58Œ48E? / ?41.00833‹N 28.98000‹E",Cultural: (i)(ii)(iii)(iv),"678 (1,680)",1985,[81]
Historical Complex of Split with the Palace of Diocletian,,"Split-Dalmatia County, ?Croatia 43‹30Œ34N 16‹26Œ36E? / ?43.50944‹N 16.44333‹E",Cultural: (ii)(iii)(iv),21 (52),1979,"The palace was built by the Roman emperor Diocletian at the turn of the fourth century AD, and later served as the basis of the city of Split. A cathedral was built in the Middle Ages inside the ancient mausoleum, along with churches, fortifications, Gothic and Renaissance palaces. The Baroque style makes up the rest of the area. [82]"
Historic Centre of Cordoba,,"Province of Cordoba, Andalusia, ?Spain 37‹52Œ45N 4‹46Œ47W? / ?37.87917‹N 4.77972‹W",Cultural: (i)(ii)(iii)(iv),?,1984[nb 9],"The original listing was the Great Mosque of Cordoba, a 7th-century mosque converted to a Roman Catholic cathedral in the 13th century by Ferdinand III. During the high period of the Moorish rule of the region, Cordoba had over 300 mosques and architecture that compared to that of Constantinople, Damascus, and Baghdad. [83] [84]"
Historic Centre of Evora,,"Evora Municipality, Alentejo, ?Portugal 38‹24Œ23N 7‹54Œ28W? / ?38.40639‹N 7.90778‹W",Cultural: (ii)(iv),?,1986,[85]
Historic Centre of Florence,,"City and Province of Florence, Tuscany, ?Italy 43‹46Œ23N 11‹15Œ22E? / ?43.77306‹N 11.25611‹E",Cultural: (i)(ii)(iii)(iv)(vi),"505 (1,250)",1982,[86]
Historic Centre of Guimaraes,,"Braga District, Minho Province, ?Portugal 41‹26Œ27N 8‹17Œ41W? / ?41.44083‹N 8.29472‹W",Cultural: (ii)(iii)(iv),16 (40); buffer zone 45 (110),2001,[87]
Historic Centre of Naples,,"City and Province of Naples, Campania, ?Italy 40‹51Œ5N 14‹15Œ46E? / ?40.85139‹N 14.26278‹E",Cultural: (ii)(iv),?,1995,[88]
"Historic Centre of Oporto, Luiz I Bridge and Monastery of Serra do Pilar",,"Norte, ?Portugal 41‹8Œ30N 8‹37Œ0W? / ?41.14167‹N 8.61667‹W",Cultural: (iv),?,1996,[89]
"Historic Centre of Rome, the Properties of the Holy See in that City Enjoying Extraterritorial Rights and San Paolo Fuori le Mura",,"Holy See; Rome, Lazio, ?Italy 41‹53Œ25N 12‹29Œ32E? / ?41.89028‹N 12.49222‹E",Cultural: (i)(ii)(iii)(iv)(vi),"1,485 (3,670)",1980[nb 10],[90]
Historic Centre of San Gimignano,,"San Gimignano, Province of Siena, Tuscany, ?Italy 43‹28Œ5N 11‹2Œ30E? / ?43.46806‹N 11.04167‹E",Cultural: (i)(iii)(iv),14 (35),1990,[91]
Historic Centre of Siena,,"City and Province of Siena, Tuscany, ?Italy 43‹19Œ7N 11‹19Œ54E? / ?43.31861‹N 11.33167‹E",Cultural: (i)(ii)(iv),"170 (420); buffer zone 9,907 (24,480)",1995,[92]
Historic Centre of the City of Pienza,,"Pienza, Province of Siena, Tuscany, ?Italy 43‹4Œ37N 11‹40Œ43E? / ?43.07694‹N 11.67861‹E",Cultural: (i)(ii)(iv),4.41 (10.9),1996,[93]
Historic Centre of Urbino,,"Province of Pesaro, Marche, ?Italy 43‹43Œ30N 12‹38Œ0E? / ?43.72500‹N 12.63333‹E",Cultural: (ii)(iv),"29 (72); buffer zone 3,609 (8,920)",1998,[94]
Historic Centres of Berat and Gjirokastra,,"Berat and Gjirokaster, ?Albania 40‹4Œ10N 20‹8Œ0E? / ?40.06944‹N 20.13333‹E",Cultural: (iii)(iv),59 (150); buffer zone 136 (340),2005[nb 11],[95]
Historic City of Toledo,,"Province of Toledo, Castile?La Mancha, ?Spain 39‹52Œ1N 4‹1Œ46W? / ?39.86694‹N 4.02944‹W",Cultural: (i)(ii)(vi),?,1986,"Toledo was founded by the Romans, served as the capital of the Visigothic Kingdom, was important in Muslim Spain and during the Reconquista, and briefly served as the capital of Spain. The city combines Christian, Muslim, and Jewish influences. [96]"
Historic City of Trogir,,"Split-Dalmatia County, ?Croatia 43‹30Œ45N 16‹15Œ6E? / ?43.51250‹N 16.25167‹E",Cultural: (ii)(v),6.40 (15.8); buffer zone 4.80 (11.9),1997,"Trogir's rich culture was created under the influence of old Greeks, Romans, and Venetians. It is the best-preserved Romanesque-Gothic complex not only in the Adriatic, but in all of Central Europe. Trogir's medieval core, surrounded by walls, comprises a preserved castle and tower and a series of dwellings and palaces from the Romanesque, Gothic, Renaissance and Baroque periods. [97]"
Historic Walled Town of Cuenca,,"Province of Cuenca, Castile?La Mancha, ?Spain 40‹4Œ36N 2‹7Œ54W? / ?40.07667‹N 2.13167‹W",Cultural: (ii)(v),?,1996,"The Moors built the fortified city in the early 8th century, and it was captured by the Christians in the 12th century. The cathedral is the first Gothic example in Spain. The town is also famous for its casas colgados, houses that hang over the edge of a cliff. [98]"
"Ibiza, Biodiversity and Culture",,"Balearic Islands, ?Spain 38‹54Œ40N 1‹26Œ7E? / ?38.91111‹N 1.43528‹E",Mixed: (ii)(iii)(iv)(ix)(x),"8,564 (21,160)",1999,"The coast of Ibiza is home to posidonia oceanica, a seagrass only found in the Mediterranean that supports a diverse coastal and marine ecosystem. The island also contains numerous Phoenician ruins, and the fortified and walled older portions of the city date to the 16th century. [99]"
Isole Eolie (Aeolian Islands),,"Southern Tyrrhenian Sea, ?Italy 38‹29Œ16N 14‹56Œ44E? / ?38.48778‹N 14.94556‹E",Natural: (viii),"1,216 (3,000)",2000,[100]
La Lonja de la Seda de Valencia,,"Valencia, Province of Valencia, Valencian Community, ?Spain 39‹28Œ28N 0‹22Œ42W? / ?39.47444‹N 0.37833‹W",Cultural: (i)(iv),?,1996,"La Lonja (or Llotja in Valencian language) de la Seda means Silk Exchange in English, and the group of Gothic buildings demonstrate the wealth of Valencia as an important Mediterranean and European mercantile city in the period. [101]"
Landscape of the Pico Island Vineyard Culture,,"Azores, ?Portugal 38‹30Œ48N 28‹32Œ28W? / ?38.51333‹N 28.54111‹W",Cultural: (iii)(v),"190 (470); buffer zone 2,445 (6,040)",2004,[102]
Las Medulas,,"Province of Leon, Castile and Leon, ?Spain 42‹28Œ10N 6‹46Œ15W? / ?42.46944‹N 6.77083‹W",Cultural: (i)(ii)(iii)(iv),?,1997,"The Romans established a gold mine and worked the site for two centuries. They used an early form of hydraulic mining and cut aqueducts in the rock cliffs to provide water for the operations. The Romans left in the early 3rd century, leaving sheer cliff faces and mining infrastructure that is intact today. [103]"
Late Baroque Towns of the Val di Noto (South-Eastern Sicily),,"Provinces of Catania, Ragusa and Syracuse, Sicily, ?Italy 36‹53Œ35.5N 15‹4Œ8E? / ?36.893194‹N 15.06889‹E",Cultural: (i)(ii)(iv)(v),113 (280); buffer zone 306 (760),2002,[104]
Laurisilva of Madeira,,"Madeira, ?Portugal 32‹46Œ00N 17‹00Œ00W? / ?32.766667‹N 17‹W","Natural: (ix), (x)","15,000 (37,000)",1999,The site is the largest surviving area of laurel forest. It consists of approximately 90% old-growth forest and is home to endemic species such as the Madeiran long-toed pigeon.[105]
Longobards in Italy. Places of the power (568-774 A.D.),,Italy 46‹5Œ39N 13‹25Œ59E? / ?46.09417‹N 13.43306‹E,Cultural: (ii)(iii)(vi),14 (35); buffer zone 306 (760),2011,"The site includes seven Longobards towns: Brescia, Cividale del Friuli, Castelseprio, Spoleto, Campello sul Clitunno, Benevento and Monte Sant'Angelo. [106]"
Madriu-Perafita-Claror Valley,,"Encamp, Andorra la Vella, Sant Julia de Loria, Escaldes-Engordany, ?Andorra 42‹29Œ41N 1‹35Œ44E? / ?42.49472‹N 1.59556‹E",Cultural: (v),?,2004[nb 12],[107] [108]
Mantua and Sabbioneta,,Italy 45‹9Œ34N 10‹47Œ40E? / ?45.15944‹N 10.79444‹E,Cultural: (ii)(iii),"235 (580); buffer zone 2,330 (5,800)",2008,[109]
Medieval City of Rhodes,,"Rhodes, South Aegean, ?Greece 36‹26Œ50N 28‹13Œ40E? / ?36.44722‹N 28.22778‹E",Cultural: (ii)(iv)(v),66 (160),1988,"The Order of St John of Jerusalem occupied Rhodes from 1309 to 1523 and set about transforming the city into a stronghold. It subsequently came under Turkish and Italian rule. With the Palace of the Grand Masters, the Great Hospital and the Street of the Knights, the Upper Town is one of the most beautiful urban ensembles of the Gothic period. In the Lower Town, Gothic architecture coexists with mosques, public baths and other buildings dating from the Ottoman period.[110] [111]"
Medici Villas and Gardens in Tuscany,,"Tuscany, ?Italy 43‹51Œ28N 11‹18Œ15E? / ?43.85778‹N 11.30417‹E",Cultural: (ii)(iv)(vi),"125 (310); buffer zone 3,539 (8,750)",2013,[112]
Medieval Monuments in Kosovo,,"Kosovo,[nb 13] officially listed as Autonomous Province of Kosovo, ?Serbia 42‹39Œ40N 20‹15Œ56E? / ?42.66111‹N 20.26556‹E",Cultural: (ii)(iii)(iv),2.88 (7.1); buffer zone 115 (280),2004[nb 14],"The four edifices of the site reflect the high points of the Byzantine-Romanesque ecclesiastical culture, with its distinct style of wall painting, which developed in the Balkans between the 13th and 17th centuries. The De?ani Monastery was built in the mid-14th century for the Serbian king Stefan De?anski and is also his mausoleum. The Patriarchal Monastery of Pe? is a group of four domed churches featuring series of wall paintings. The 13th-century frescoes of the Church of Holy Apostles are painted in a unique, monumental style. Early 14th-century frescoes in the church of the Holy Virgin of Ljevisa represent the appearance of the new so-called Palaiologian Renaissance style, combining the influences of the eastern Orthodox Byzantine and the Western Romanesque traditions. The style played a decisive role in subsequent Balkan art. The site has been listed as endangered since 2006 due to a lack of legal protection and management; political instability and security. [113] [114]"
Megalithic Temples of Malta,,"Gozo and Malta Island, ?Malta 36‹2Œ57N 14‹16Œ10E? / ?36.04917‹N 14.26944‹E",Cultural: (iv),?,1980[nb 15],[115]
Mehmed Pa?a Sokolovi? Bridge in Vi?egrad,,"Republika Srpska, ?Bosnia and Herzegovina 43‹46Œ53N 19‹17Œ17E? / ?43.78139‹N 19.28806‹E",Cultural: (ii)(iv),1.50 (3.7); buffer zone 12 (30),2007,[116]
Meteora,,"Trikala, Thessaly, ?Greece 39‹43Œ0N 21‹38Œ0E? / ?39.71667‹N 21.63333‹E",Mixed: (i)(ii)(iv)(v)(vii),"272 (670); buffer zone 1,884 (4,660)",1988,"In a region of almost inaccessible sandstone peaks, monks settled on these 'columns of the sky' from the 11th century onwards. Twenty-four of these monasteries were built, despite incredible difficulties, at the time of the great revival of the eremetic ideal in the 15th century. Their 16th-century frescoes mark a key stage in the development of post-Byzantine painting.[117] [118]"
"Monasteries of Daphni, Hosios Loukas and Nea Moni of Chios",,"Attica, Central Greece and North Aegean, ?Greece 38‹24Œ0N 22‹45Œ0E? / ?38.40000‹N 22.75000‹E",Cultural: (i)(iv),"3.70 (9.1); buffer zone 5,816 (14,370)",1990,"Although geographically distant from each other, these three monasteries belong to the same typological series and share the same aesthetic characteristics. The churches are built on a cross-in-square plan with a large dome supported by squinches defining an octagonal space. In the 11th and 12th centuries they were decorated with superb marble works as well as mosaics on a gold background, all characteristic of the 'second golden age of Byzantine art'.[119] [120]"
"Monastery and Site of the Escorial, Madrid",,"San Lorenzo de El Escorial, Community of Madrid, ?Spain 40‹34Œ54N 4‹7Œ35W? / ?40.58167‹N 4.12639‹W",Cultural: (i)(ii)(vi),?,1984,El Escorial is one of several Spanish royal sites due to its history as a residence of the royal family. The palace was designed by King Philip II and architect Juan Bautista de Toledo to serve as a monument to Spain's central role in the Christian world. [121]
Monastery of Alcobaca,,"Alcobaca, Leiria District, ?Portugal 39‹33Œ0N 8‹58Œ36W? / ?39.55000‹N 8.97667‹W",Cultural: (i)(iv),?,1989,[122]
Monastery of Batalha,,"Batalha, Leiria District, ?Portugal 39‹39Œ28N 8‹49Œ37W? / ?39.65778‹N 8.82694‹W",Cultural: (i)(ii),0.98 (2.4); buffer zone 86 (210),1983,[123]
Monastery of the Hieronymites and Tower of Belem in Lisbon,,"Lisbon, ?Portugal 38‹41Œ31N 9‹12Œ57W? / ?38.69194‹N 9.21583‹W",Cultural: (iii)(vi),2.66 (6.6); buffer zone 103 (250),1983[nb 16],[124]
Monte San Giorgio,,Italy; ??Switzerland 45‹53Œ20N 8‹54Œ50E? / ?45.88889‹N 8.91389‹E,Natural: (viii),"1,089 (2,690); buffer zone 3,207 (7,920)",2003[nb 17],[125] [126]
Monuments of Oviedo and the Kingdom of the Asturias,,"Asturias, ?Spain 43‹21Œ45N 5‹50Œ35W? / ?43.36250‹N 5.84306‹W",Cultural: (i)(ii)(iv),?,1985[nb 18],"The Kingdom of Asturias remained the only Christian region of Spain in the 9th century. It developed its own style of Pre-Romanesque art and architecture that is displayed in various churches and other monuments. The original entry titled ""Churches of the Kingdom of the Asturias"" and was extended to include other monuments such as La Foncalada. [127] [128]"
Mount Athos,,"Autonomous region of Mount Athos, ?Greece 40‹16Œ0N 24‹13Œ0E? / ?40.26667‹N 24.21667‹E",Mixed: (i)(ii)(iv)(v)(vi)(vii),"33,042 (81,650)",1988,"An Orthodox spiritual centre since 1054, Mount Athos has enjoyed an autonomous statute sinceByzantine times. The 'Holy Mountain', which is forbidden to women and children, is also a recognized artistic site. The layout of the monasteries (about 20 of which are presently inhabited by some 1,400 monks) had an influence as far afield as Russia, and its school of painting influenced the history of Orthodox art.[129] [130]"
Mount Etna,,"Sicily, ?Italy 37‹45Œ22N 14‹59Œ48E? / ?37.75611‹N 14.99667‹E",Natural: (viii),"19,237 (47,540)",2013,[131]
Mudejar Architecture of Aragon,,"Teruel and Zaragoza Provinces, Aragon, ?Spain 40‹20Œ38N 1‹6Œ26W? / ?40.34389‹N 1.10722‹W",Cultural: (ii)(iv)(vi),?,1986[nb 19],"The original listing contained four churches in Teruel in the Mudejar style, a blending of traditional Islamic and contemporary European styles. In 2001, the listing was expanded to include an additional six monuments. [132]"
Natural and Cultural Heritage of the Ohrid region,,"Ohrid Municipality, ?Macedonia 41‹7Œ5N 20‹48Œ48E? / ?41.11806‹N 20.81333‹E",Mixed: (i)(iii)(iv)(vii),"83,350 (206,000)",1979[nb 20],[133] [134]
Natural and Culturo-Historical Region of Kotor,,"Bay of Kotor, Kotor and surrounding territory, ?Montenegro 42‹29Œ0N 18‹42Œ0E? / ?42.48333‹N 18.70000‹E",Cultural: (i)(ii)(iii)(iv),?,1979,The site had been listed as endangered 1979?2003 following the damage due to the 1979 Montenegro earthquake. [135] [136] [137]
Selimiye Mosque and its Social Complex,,"Edirne, East Thrace, ?Turkey 41‹40Œ40N 26‹33Œ34E? / ?41.67778‹N 26.55944‹E",Cultural: (i)(iv),2.50 (6.2); buffer zone 38 (94),2011,[138]
Old Bridge Area of the Old City of Mostar,,"Herzegovina-Neretva Canton, ?Bosnia and Herzegovina 43‹20Œ53N 17‹48Œ39E? / ?43.34806‹N 17.81083‹E",Cultural: (vi),?,2005,[139]
Nemrut Da?,,"Ad?yaman Province, ?Turkey 38‹2Œ12N 38‹45Œ49E? / ?38.03667‹N 38.76361‹E",Cultural: (i)(iii)(iv),11 (27),1987,[140]
Neolithic Site of Catalhoyuk,,"Central Anatolia Region, ?Turkey 37‹40Œ0N 32‹49Œ41E? / ?37.66667‹N 32.82806‹E",Cultural: (iii)(iv),37 (91); buffer zone 111 (270),2012,[141]
Old City of Dubrovnik,,"Dubrovnik-Neretva County, ?Croatia 42‹39Œ2N 18‹5Œ29E? / ?42.65056‹N 18.09139‹E",Cultural: (i)(iii)(iv),97 (240); buffer zone 54 (130),1979[nb 21],"Dubrovnik became a prosperous Maritime republic during the Middle Ages, it became the only eastern Adriatic city-state to rival Venice. Supported by its wealth and skilled diplomacy, the city achieved a remarkable level of development, particularly during the 15th and 16th centuries. The site had been listed as World Heritage in Danger 1991?1998 due to the Croatian War of Independence. [142] [143] [144]"
Old City of Salamanca,,"Province of Salamanca, Castile and Leon, ?Spain 40‹57Œ55N 5‹39Œ52W? / ?40.96528‹N 5.66444‹W",Cultural: (i)(ii)(iv),?,1988,"Salamanca is important as a university city, as the University of Salamanca, founded in 1218, is the oldest in Spain and among the oldest in Europe. The city was first conquered by the Carthaginians in the 3rd century, and later ruled by the Romans and Moors. The city centre represents Romanesque, Gothic, Moorish, Renaissance, and Baroque architecture. [145]"
Old Town of Avila with its Extra-Muros Churches,,"Province of Avila, Castile and Leon, ?Spain 40‹39Œ23N 4‹42Œ0W? / ?40.65639‹N 4.70000‹W",Cultural: (iii)(iv),?,1985[nb 22],"The defensive wall surrounding the original town was constructed in the 11th century. It features 82 semicircular towers and 9 gates, and is one of the most complete examples of town walls in Spain. [146]"
Old Town of Caceres,,"Province of Caceres, Extremadura, ?Spain 39‹28Œ28N 6‹22Œ12W? / ?39.47444‹N 6.37000‹W",Cultural: (iii)(iv),?,1986,"The old town combines Roman, Islamic, Northern Gothic, and Italian Renaissance architectural influences, including more than 30 Islamic towers. [147]"
Old Town of Corfu,,"Corfu, Ionian Islands, ?Greece 39‹37Œ26N 19‹55Œ39E? / ?39.62389‹N 19.92750‹E",Cultural: (iv),70 (170); buffer zone 162 (400),2007,"The Old Town of Corfu, on the Island of Corfu off the western coasts of Albania and Greece, is located in a strategic position at the entrance of the Adriatic Sea, and has its roots in the 8th century BC. The three forts of the town, designed by renowned Venetian engineers, were used for four centuries to defend the maritime trading interests of the Republic of Venice against the Ottoman Empire. In the course of time, the forts were repaired and partly rebuilt several times, more recently under British rule in the 19th century. The mainly neoclassical housing stock of the Old Town is partly from the Venetian period, partly of later construction, notably the 19th century. As a fortified Mediterranean port, Corfufs urban and port ensemble is notable for its high level of integrity and authenticity.[148] [149]"
Old Town of Segovia and its Aqueduct,,"Province of Segovia, Castile and Leon, ?Spain 40‹56Œ54.5N 4‹7Œ9W? / ?40.948472‹N 4.11917‹W",Cultural: (i)(iii)(iv),?,1985,"The Roman aqueduct was constructed in the 1st century, the medieval Alcazar palace in the 11th century, and the cathedral in the 16th. [150]"
Painted Churches in the Troodos Region,,"Troodos Mountains, Limassol and Nicosia Districts, ?Cyprus 34‹55Œ13N 33‹5Œ45E? / ?34.92028‹N 33.09583‹E",Cultural: (iii)(vi),?,1985[nb 23],[151] [152]
"Palau de la Musica Catalana and Hospital de Sant Pau, Barcelona",,"Province of Barcelona, Catalonia, ?Spain 41‹23Œ16N 2‹10Œ30E? / ?41.38778‹N 2.17500‹E",Cultural: (i)(ii)(iv),?,1997[nb 24],Both buildings were constructed in the early 20th century and designed by Lluis Domenech i Montaner in the modernist Art Nouveau movement that was very popular in Barcelona in that period. The two buildings are Montaner's most famous works. [153]
Paleochristian and Byzantine Monuments of Thessalonika,,"Thessaloniki, Central Macedonia, ?Greece 40‹38Œ18N 22‹57Œ54E? / ?40.63833‹N 22.96500‹E",Cultural: (i)(ii)(iv),5.33 (13.2),1988,"Founded in 315 B.C., the provincial capital and sea port of Thessalonika was one of the first bases for the spread of Christianity. Among its Christian monuments are fine churches, some built on the Greek cross plan and others on the three-nave basilica plan. Constructed over a long period, from the 4th to the 15th century, they constitute a diachronic typological series, which had considerable influence in the Byzantine Empire.[154] [155]"
Palmeral of Elche,,"Province of Alicante, Valencian Community, ?Spain 38‹16Œ10N 0‹41Œ54E? / ?38.26944‹N 0.69833‹E",Cultural: (ii)(v),?,2000,The grove of date palm trees was formally laid out with irrigation systems under the Moors in the 10th century. The palmeral is a rare example of Arab agricultural practices in Europe. [156]
Paphos,,"Paphos District, ?Cyprus 34‹45Œ30N 32‹24Œ20E? / ?34.75833‹N 32.40556‹E",Cultural: (iii)(vi),?,1980,[157]
Pergamon and its Multi-Layered Cultural Landscape,,"Bergama, Izmir Province ?Turkey 39‹7Œ33N 27‹10Œ48E? / ?39.12583‹N 27.18000‹E",Cultural: (i)(ii)(iii)(iv)(vi),"333 (820); buffer zone 477 (1,180)",2014,[158]
"Piazza del Duomo, Pisa",,"City and Province of Pisa, Tuscany, ?Italy 43‹43Œ23N 10‹23Œ47E? / ?43.72306‹N 10.39639‹E",Cultural: (i)(ii)(iv)(vi),8.87 (21.9); buffer zone 254 (630),1987[nb 25],[159] [160]
Plitvice Lakes National Park,,"Lika-Senj County, ?Croatia 44‹52Œ40N 15‹36Œ52E? / ?44.87778‹N 15.61444‹E",Natural: (vii)(viii)(ix),"19,200 (47,000)",1979[nb 26],"Over time, water has flown over the natural limestone and chalk, creating natural dams which in turn have created a series of connecting lakes, waterfalls, and caves. The nearby forests are home to bears, wolves and many rare bird species. The site had been listed as endangered 1992?1997 due to the potential threat from the Croatian War of Independence. [161] [162] [163]"
Poblet Monastery,,"Vimbodi i Poblet, Province of Tarragona, Catalonia, ?Spain 41‹22Œ51N 1‹4Œ57E? / ?41.38083‹N 1.08250‹E",Cultural: (i)(iv),?,1991,"The monastery was founded by the Cistercians in 1151 and is one of the largest in Spain. It is associated with various royal families in medieval Spain, particularly the kings of the Crown of Aragon, a composite monarchy of the dynastic union of the Kingdom of Aragon and the County of Barcelona. It is the burial place of the Crown of Aragon monarchs Alfonso II, John I, John II, James I, Ferdinana I, and Peter IV. [164]"
"Portovenere, Cinque Terre, and the Islands (Palmaria, Tino and Tinetto)",,"Province of La Spezia, Liguria, ?Italy 44‹6Œ25N 9‹43Œ45E? / ?44.10694‹N 9.72917‹E",Cultural: (ii)(iv)(v),"4,689 (11,590)",1997,[165]
Prehistoric Pile dwellings around the Alps,,Austria; ?France; ?Germany; ?Italy; ?Slovenia; ??Switzerland 47‹16Œ42N 8‹12Œ27E? / ?47.27833‹N 8.20750‹E,Cultural: (iv)(v),"274 (680); buffer zone 3,961 (9,790)",2011,[166]
Prehistoric Rock Art Sites in the Coa Valley and Siega Verde,,Portugal; ?Spain 40‹41Œ51N 6‹39Œ40W? / ?40.69750‹N 6.66111‹W,Cultural: (i)(iii),?,1998[nb 27],The original 1998 listing contained examples of Upper Palaeolithic rock art in the Coa Valley of Portugal. In 2010 it was extended to include 645 engravings in the archaeological zone of Siega Verde in Spain. The two sites represent the most well-preserved collection of open-air Palaolithic art in the Iberian peninsula. [167]
Pyrenees - Mont Perdu,,"Gedre, Hautes-Pyrenees, Midi-Pyrenees, ?France; Communes of Torla, Fanlo, Tella-Sin, Puertolas and Bielsa in Province of Huesca, Aragon, ?Spain 42‹41ŒN 0‹0ŒE? / ?42.683‹N 0.000‹E",Mixed: (iii)(iv)(v)(vii)(viii),"30,639 (75,710)",1997[nb 28],"The site contains the Pyrenees mountain chain along the French-Spanish border. The Spanish portion contains two of the largest canyons in Europe, while the French side contains three large cirque walls [168]"
Pythagoreion and Heraion of Samos,,"Samos, North Aegean, ?Greece 37‹41Œ27N 26‹56Œ36E? / ?37.69083‹N 26.94333‹E",Cultural: (ii)(iii),"668 (1,650); buffer zone 402 (990)",1992,"Many civilizations have inhabited this small Aegean island, near Asia Minor, since the 3rd millennium B.C. The remains of Pythagoreion, an ancient fortified port with Greek and Roman monuments and a spectacular tunnel-aqueduct, as well as the Heraion, temple of the Samian Hera, can still be seen.[169] [170]"
Renaissance Monumental Ensembles of Ubeda and Baeza,,"Province of Jaen, Andalusia, ?Spain 38‹0Œ41N 3‹22Œ16W? / ?38.01139‹N 3.37111‹W",Cultural: (ii)(iv),9.00 (22.2); buffer zone 176 (430),2003,Renovations of the two towns in the 16th century were done under the emerging Renaissance style and are among the first examples of the style in Spain. [171]
Residences of the Royal House of Savoy,,"Province of Turin, Piedmont, ?Italy 45‹4Œ21N 7‹41Œ9E? / ?45.07250‹N 7.68583‹E",Cultural: (i)(ii)(iv)(v),"371 (920); buffer zone 6,931 (17,130)",1997[nb 29],[172] [173]
Rhaetian Railway in the Albula / Bernina Landscapes,,Italy; ??Switzerland 46‹29Œ54N 9‹50Œ47E? / ?46.49833‹N 9.84639‹E,Cultural: (ii)(iv),"152 (380); buffer zone 109,386 (270,300)",2008,[174]
Rock Art of the Mediterranean Basin on the Iberian Peninsula,,"Andalusia, Aragon, Castile?La Mancha, Catalonia, Murcia and Valencia, ?Spain 39‹47Œ24N 1‹2Œ0W? / ?39.79000‹N 1.03333‹W",Cultural: (iii),?,1998,"The site includes over 750 examples of rock art from the late prehistoric period, which feature images ranging from geometric shapes to scenes of men hunting animals. [175]"
Rock Drawings in Valcamonica,,"Province of Brescia, Lombardy, ?Italy 45‹57Œ25N 10‹17Œ50E? / ?45.95694‹N 10.29722‹E",Cultural: (iii)(vi),"432 (1,070); buffer zone 1,018 (2,520)",1979,[176]
Roman Walls of Lugo,,"Province of Lugo, Galicia, ?Spain 43‹0Œ40N 7‹33Œ12W? / ?43.01111‹N 7.55333‹W",Cultural: (iv),?,2000,The walls built to protect the Roman town of Lucus in the 3rd century remain entirely intact and are the best remaining example in Western Europe. [177]
Routes of Santiago de Compostela: Camino Frances and Routes of Northern Spain,,"Aragon, Navarre, La Rioja, Castile and Leon and Galicia, ?Spain 42‹27Œ33N 5‹53Œ0W? / ?42.45917‹N 5.88333‹W",Cultural: (ii)(iv)(vi),?,1993,"The Route, or the Way of St. James, is a pilgrimage from the French-Spanish border to the Cathedral of Santiago de Compostela, where the apostle James is believed to be buried. [178]"
Royal Monastery of Santa Maria de Guadalupe,,"Guadalupe, Province of Caceres, Extremadura, ?Spain 39‹27Œ10N 5‹19Œ39W? / ?39.45278‹N 5.32750‹W",Cultural: (iv)(vi),?,1993,"The monastery is home of Our Lady of Guadalupe, a shrine to Mary found in the 13th century after being buried from Muslim invaders in 714. The Virgin of Guadalupe and the monastery served as important symbols during the Reconquista, culminating in 1492, the same year as Columbus' discovery of America. The Guadalupe Virgin became an important symbol during the evangelization of America. [179]"
Sacri Monti of Piedmont and Lombardy,,"Lombardy, Piedmont, ?Italy 45‹58Œ28N 9‹10Œ10E? / ?45.97444‹N 9.16944‹E",Cultural: (ii)(iv),"91 (220); buffer zone 722 (1,780)",2003,[180]
Sanctuary of Asklepios at Epidaurus,,"Argolis, Peloponnese, ?Greece 37‹40Œ0N 23‹7Œ0E? / ?37.66667‹N 23.11667‹E",Cultural: (i)(ii)(iii)(iv)(vi),"1,394 (3,440); buffer zone 3,386 (8,370)",1988,"In a small valley in the Peloponnesus, the shrine of Asklepios, the god of medicine, developed out of a much earlier cult of Apollo, during the 6th century BC at the latest, as the official cult of the city state of Epidaurus. Its principal monuments, particularly the temple of Asklepios, the Tholos and the Theatre - considered one of the purest masterpieces of Greek architecture ? date from the 4th century. The vast site, with its temples and hospital buildings devoted to its healing gods, provides valuable insight into the healing cults of Greek and Roman times.[181] [182]"
San Cristobal de la Laguna,,"Province of Santa Cruz de Tenerife, ?Spain 28‹28Œ40N 16‹18Œ42W? / ?28.477889‹N 16.311778‹W","Cultural: (ii), (iv)",60 (150),1999,"The city contains two centres: the unplanned Upper Town, and the planned Lower Town, laid out according to philosophical principals. Many of the buildings date from the 16th to the 18th centuries.[183]"
San Marino Historic Centre and Mount Titano,,San Marino 43‹55Œ58N 12‹27Œ7E? / ?43.93278‹N 12.45194‹E,Cultural: (iii),55 (140); buffer zone 167 (410),2008,[184]
San Millan Yuso and Suso Monasteries,,"San Millan de la Cogolla, La Rioja, ?Spain 42‹19Œ33N 2‹51Œ54W? / ?42.32583‹N 2.86500‹W",Cultural: (ii)(iv)(vi),19 (47); buffer zone 266 (660),1997,"The original Suso monastery was founded in the mid-6th century, and is the location where the Glosas Emilianenses were written. The codixes are considered the first written examples of the Spanish and Basque languages, and the monastery is considered the birthplace of written and spoken Spanish. The newer Yuso monastery was built in the 16th century. [185]"
Santiago de Compostela (Old Town),,"Province of A Coruna, Galicia, ?Spain 42‹52Œ51N 8‹32Œ41W? / ?42.88083‹N 8.54472‹W",Cultural: (i)(ii)(vi),?,1985,"The Cathedral of Santiago de Compostela is the reputed burial-place of the apostle James, and is the terminus of the Way of St. James, a pilgrimage across northern Spain. The town was destroyed by Muslims in the 10th century and rebuilt during the following century. [186]"
?kocjan Caves,,"?kocjan pri Divaci, Matavun and Betanja in Diva?a and Se?ana communes, Obalno-kra?ka statistical region, ?Slovenia 45‹40Œ0N 14‹0Œ0E? / ?45.66667‹N 14.00000‹E",Natural: (vii)(viii),"413 (1,020)",1986,[187]
Stari Grad Plain,,"Split-Dalmatia County, ?Croatia 43‹10Œ54N 16‹38Œ19E? / ?43.18167‹N 16.63861‹E",Cultural: (ii)(iii)(v),"1,377 (3,400); buffer zone 6,403 (15,820)",2008,"The Stari Grad Plain is an agricultural landscape that was set up by the ancient Greek colonists in the 4th century BC, and remains in use today. The plain is generally still in its original form. The ancient layout has been preserved by careful maintenance of the stone walls over 24 centuries. [188]"
Stari Ras and Sopo?ani,,"near Novi Pazar, Ra?ka District, ?Serbia 43‹7Œ8N 20‹25Œ22E? / ?43.11889‹N 20.42278‹E",Cultural: (i)(iii),"199 (490); buffer zone 9,936 (24,550)",1979,"On the outskirts of Stari Ras, the first capital of Serbia, there is an impressive group of medieval monuments consisting of fortresses, churches and monasteries. The monastery at Sopo?ani is a reminder of the contacts between Western civilization and the Byzantine world. [189]"
Ste?ci Medieval Tombstones Graveyards,,Bosnia and Herzegovina; ?Croatia; ?Montenegro; ?Serbia; 43‹5Œ31.97N 17‹55Œ26.59E? / ?43.0922139‹N 17.9240528‹E,Cultural: (iii)(vi),49 (120); buffer zone 321 (790),2016,[190]
Studenica Monastery,,"Kraljevo, Ra?ka District, ?Serbia 43‹29Œ10N 20‹32Œ12E? / ?43.48611‹N 20.53667‹E",Cultural: (i)(ii)(iv)(vi),1.16 (2.9); buffer zone 269 (660),1986,"The Studenica Monastery was established in the late 12th century by Stefan Nemanja, founder of the medieval Serb state, shortly after his abdication. It is the largest and richest of Serbiafs Orthodox monasteries. Its two principal monuments, the Church of the Virgin and the Church of the King, both built of white marble, enshrine priceless collections of 13th- and 14th-century Byzantine painting. [191]"
Su Nuraxi di Barumini,,"Barumini, Province of Medio Campidano, Sardinia, ?Italy 39‹42Œ21N 8‹59Œ29E? / ?39.70583‹N 8.99139‹E",Cultural: (i)(iii)(iv),2.33 (5.8); buffer zone 3.92 (9.7),1997,[192]
Syracuse and the Rocky Necropolis of Pantalica,,"City and Province of Syracuse, Sicily, ?Italy 37‹3Œ34N 15‹17Œ35E? / ?37.05944‹N 15.29306‹E",Cultural: (ii)(iii)(iv)(vi),?,2005,[193]
Temple of Apollo Epicurius at Bassae,,"Messenia, Arcadia and Elis, Western Peloponnese, ?Greece 37‹26Œ6N 21‹53Œ49E? / ?37.43500‹N 21.89694‹E",Cultural: (i)(ii)(iii),20 (49); buffer zone 202 (500),1986,"This famous temple to the god of healing and the sun was built towards the middle of the 5th century B.C. in the lonely heights of the Arcadian mountains. The temple, which has the oldestCorinthian capital yet found, combines the Archaic style and the serenity of the Doric style with some daring architectural features.[194] [195]"
The Cathedral of St James in ?ibenik,,"?ibenik, ?ibenik-Knin County, ?Croatia 43‹44Œ11N 15‹53Œ25E? / ?43.73639‹N 15.89028‹E",Cultural: (i)(ii)(iv),0.10 (0.25),2000,The cathedral is a triple-nave basilica with three apses and a dome (32 m high inside) and is also one of the most important architectural monument of the Renaissance in the eastern Adriatic. [196]
The Dolomites,,Italy 46‹36Œ47N 12‹9Œ47E? / ?46.61306‹N 12.16306‹E,Natural: (vii)(viii),"141,903 (350,650); buffer zone 89,267 (220,580)",2009,[197]
The Historic Centre (Chora) with the Monastery of Saint-John the Theologian and the Cave of the Apocalypse on the Island of Patmos,,"Patmos, Dodecanese, South Aegean, ?Greece 37‹18Œ0N 26‹33Œ0E? / ?37.30000‹N 26.55000‹E",Cultural: (ii)(iv)(vi),?,1999,"The small island of Patmos in the Dodecanese is reputed to be where St John the Theologian wrote both his Gospel and the Apocalypse. A monastery dedicated to the ebeloved disciplef was founded there in the late 10th century and it has been a place of pilgrimage and Greek Orthodox learning ever since. The fine monastic complex dominates the island. The old settlement of Chora, associated with it, contains many religious and secular buildings.[198] [199]"
The Sassi and the Park of the Rupestrian Churches of Matera,,"City and Province of Matera, Basilicata, ?Italy 40‹39Œ59N 16‹36Œ37E? / ?40.66639‹N 16.61028‹E",Cultural: (iii)(iv)(v),"1,016 (2,510); buffer zone 4,365 (10,790)",1993,[200]
The Trulli of Alberobello,,"Province of Bari, Apulia, ?Italy 40‹46Œ57N 17‹14Œ13E? / ?40.78250‹N 17.23694‹E",Cultural: (iii)(iv)(v),11 (27),1996,[201]
Tower of Hercules,,"A Coruna, Galicia, ?Spain 43‹23Œ9N 8‹24Œ23W? / ?43.38583‹N 8.40639‹W",Cultural: (iii),"233 (580); buffer zone 1,936 (4,780)",2009,The Romans built this 55 metres (180?ft) lighthouse on a 57 metres (187?ft) rock to mark the entrance to the A Coruna harbor. It is the only fully preserved and functioning Roman lighthouse. [202]
University and Historic Precinct of Alcala de Henares,,"Community of Madrid, ?Spain 40‹28Œ53N 3‹22Œ5W? / ?40.48139‹N 3.36806‹W",Cultural: (ii)(iv)(vi),?,1998,"Cardinal Cisneros founded the University of Alcala in 1499 and is the first example of the planned university city, serving as a model to other European universities and Spanish missionaries in America. The city is the birthplace of Miguel de Cervantes, known for his contributions to the Spanish language and Western literature. [203]"
University of Coimbra ? Alta and Sofia,,"Coimbra, ?Portugal 40‹12Œ28N 8‹25Œ32.79W? / ?40.20778‹N 8.4257750‹W",Cultural: (ii)(iv)(vi),36 (89); buffer zone 82 (200),2013,[204]
Val d'Orcia,,"Province of Siena, Tuscany, ?Italy 43‹4ŒN 11‹33ŒE? / ?43.067‹N 11.550‹E",Cultural: (iv)(vi),"61,188 (151,200); buffer zone 5,660 (14,000)",2004,[205]
Vatican City,,Holy See 41‹54Œ8N 12‹27Œ27E? / ?41.90222‹N 12.45750‹E,Cultural: (i)(ii)(iv)(vi),?,1984,[206]
Venice and its Lagoon,,"Province of Venezia, Veneto, ?Italy 45‹26Œ3.5N 12‹20Œ20E? / ?45.434306‹N 12.33889‹E",Cultural: (i)(ii)(iii)(iv)(v)(vi),?,1987,[207]
Villa Adriana (Tivoli),,"Tivoli, Province of Rome, Lazio, ?Italy 41‹56Œ39N 12‹46Œ19E? / ?41.94417‹N 12.77194‹E",Cultural: (i)(ii)(iii),"80 (200); buffer zone 500 (1,200)",1999,[208]
"Villa d'Este, Tivoli",,"Tivoli, Province of Rome, Lazio, ?Italy 41‹57Œ50N 12‹47Œ47E? / ?41.96389‹N 12.79639‹E",Cultural: (i)(ii)(iii)(iv)(vi),4.50 (11.1); buffer zone 7.00 (17.3),2001,[209]
Villa Romana del Casale,,"Piazza Armerina, Province of Enna, Sicily, ?Italy 37‹21Œ58N 14‹20Œ3E? / ?37.36611‹N 14.33417‹E",Cultural: (i)(ii)(iii),8.92 (22.0); buffer zone 10 (25),1997,[210]
Vineyard Landscape of Piedmont: Langhe-Roero and Monferrato,,"Langhe and Montferrat, Piedmont, ?Italy 44‹36Œ31N 7‹57Œ49E? / ?44.60861‹N 7.96361‹E",Cultural: (iii)(v),"10,789 (26,660); buffer zone 76,249 (188,420)",2014,The site covers five wine growing areas as well as Cavour Castle. Wine making has existed in Piedmont since at least the Roman era and has continued since then. The region was also an important trading place between the Etruscans and the Celts and traces of their words still appear in the local dialect. [211]
Vizcaya Bridge,,"Biscay, Basque Country, ?Spain 43‹19Œ23N 3‹1Œ1W? / ?43.32306‹N 3.01694‹W",Cultural: (i)(ii),0.86 (2.1); buffer zone 12 (30),2006,The bridge was designed by Alberto Palacio to cross the Nervion without disrupting maritime traffic to the Port of Bilbao. It was built in 1893 and is the world's first transporter bridge. [212]
Works of Antoni Gaudi,,Spain 41‹24Œ48N 2‹9Œ11E? / ?41.41333‹N 2.15306‹E,Cultural: (i)(ii)(iv),?,1984[nb 30],"The architecture of Antoni Gaudi is part of the Modernist style, but his designs are described as highly unique. The original listing featured Park Guell, Palau Guell, and Casa Mila; the 2005 extension added Casa Vicens, the crypt and nativity facade of Sagrada Familia, Casa Batllo, and the crypt at Colonia Guell. [213] [214]"
Xanthos?Letoon,,"Mu?la and Antalya Provinces, ?Turkey 36‹20Œ6N 29‹19Œ13E? / ?36.33500‹N 29.32028‹E",Cultural: (ii)(iii),126 (310); buffer zone 63 (160),1988,[215]
